Model,Accuracy,F1_Macro,F1_Weighted,Precision_Macro,Recall_Macro,ROC_AUC,MSE,R2,Train_Time
RandomForest,1.0,1.0,1.0,1.0,1.0,1.0,0.0,1.0,0.22853517532348633
LogisticRegression,1.0,1.0,1.0,1.0,1.0,1.0,0.0,1.0,2.5769622325897217
GradientBoosting,1.0,1.0,1.0,1.0,1.0,1.0,0.0,1.0,0.1735227108001709
SVM,1.0,1.0,1.0,1.0,1.0,1.0,0.0,1.0,0.006979703903198242
NeuralNetwork,1.0,1.0,1.0,1.0,1.0,1.0,0.0,1.0,0.07069110870361328
