Model,Accuracy,F1_Macro,F1_Weighted,Precision_Macro,Recall_Macro,ROC_AUC,MSE,R2,Train_Time
RandomForest,1.0,1.0,1.0,1.0,1.0,1.0,0.0,1.0,174.1719925403595
LogisticRegression,1.0,1.0,1.0,1.0,1.0,1.0,0.0,1.0,150.85698699951172
GradientBoosting,1.0,1.0,1.0,1.0,1.0,1.0,0.0,1.0,326.61343789100647
SVM,1.0,1.0,1.0,1.0,1.0,1.0,0.0,1.0,6294.686137199402
NeuralNetwork,1.0,1.0,1.0,1.0,1.0,1.0,0.0,1.0,181.56632137298584
